accuracy,loss,val_accuracy,val_loss
0.13285714387893677,19.04934310913086,0.22429905831813812,2.2239646911621094
