accuracy,loss,val_accuracy,val_loss
0.09142857044935226,2809111808.0,0.13084112107753754,299.1075744628906
