accuracy,loss,val_accuracy,val_loss
0.13857142627239227,11.860118865966797,0.07476635277271271,2.300098180770874
