accuracy,loss,val_accuracy,val_loss
0.09285714477300644,447504992.0,0.1214953288435936,1368.01171875
