accuracy,loss,val_accuracy,val_loss
0.10428571701049805,606939776.0,0.11214952915906906,17.05213165283203
