accuracy,loss,val_accuracy,val_loss
0.13571429252624512,2.7378451824188232,0.18691588938236237,2.087172031402588
0.272857129573822,1.9750535488128662,0.3925233781337738,1.8535723686218262
