accuracy,loss,val_accuracy,val_loss
0.23000000417232513,2.1466562747955322,0.3925233781337738,1.7411704063415527
