accuracy,loss,val_accuracy,val_loss
0.12714286148548126,9.214648246765137,0.1682243049144745,2.172396183013916
