accuracy,loss,val_accuracy,val_loss
0.09857142716646194,4.020443916320801,0.11214952915906906,2.3063197135925293
