accuracy,loss,val_accuracy,val_loss
0.18000000715255737,7.256623268127441,0.3177570104598999,1.8992692232131958
