accuracy,loss,val_accuracy,val_loss
0.22857142984867096,2.984858751296997,0.420560747385025,1.7007131576538086
