accuracy,loss,val_accuracy,val_loss
0.08142857253551483,3.0601935386657715,0.07476635277271271,2.302537679672241
