accuracy,loss,val_accuracy,val_loss
0.1071428582072258,2.739159345626831,0.15887850522994995,2.305506467819214
