accuracy,loss,val_accuracy,val_loss
0.09571428596973419,1705033472.0,0.14018692076206207,689.3905029296875
