accuracy,loss,val_accuracy,val_loss
0.09857142716646194,2.8646886348724365,0.14953270554542542,2.3291079998016357
