accuracy,loss,val_accuracy,val_loss
0.24857142567634583,2.5656495094299316,0.4112149477005005,1.8072783946990967
