accuracy,loss,val_accuracy,val_loss
0.2085714340209961,3.4096949100494385,0.28037384152412415,1.9241398572921753
