accuracy,loss,val_accuracy,val_loss
0.21571429073810577,2.4601452350616455,0.28037384152412415,1.8540589809417725
