optimizer,learning_rate,dropout,units,test_acc,test_loss,train_time_sec
adam,0.001,0.3,128,0.4583333432674408,1.5638395547866821,84.74
adam,0.001,0.3,128,0.4479166567325592,1.624722957611084,89.74
adam,0.001,0.3,128,0.6666666865348816,1.1180005073547363,607.59
adam,0.001,0.3,128,0.6979166865348816,1.0831637382507324,511.81
adam,0.001,0.3,128,0.7135416865348816,0.8795649409294128,852.46
